<annotation>
	<folder>learning_box</folder>
	<filename>image_1734592338.jpg</filename>
	<path>/home/rokey/주행3/src/learning_box/image_1734592338.jpg</path>
	<source>
		<database>Unknown</database>
	</source>
	<size>
		<width>1280</width>
		<height>720</height>
		<depth>3</depth>
	</size>
	<segmented>0</segmented>
	<object>
		<name>red box</name>
		<pose>Unspecified</pose>
		<truncated>0</truncated>
		<difficult>0</difficult>
		<bndbox>
			<xmin>817</xmin>
			<ymin>53</ymin>
			<xmax>1040</xmax>
			<ymax>288</ymax>
		</bndbox>
	</object>
	<object>
		<name>red box</name>
		<pose>Unspecified</pose>
		<truncated>0</truncated>
		<difficult>0</difficult>
		<bndbox>
			<xmin>825</xmin>
			<ymin>403</ymin>
			<xmax>1073</xmax>
			<ymax>645</ymax>
		</bndbox>
	</object>
</annotation>
