<annotation>
	<folder>learning_box</folder>
	<filename>image_1734592302.jpg</filename>
	<path>/home/rokey/주행3/src/learning_box/image_1734592302.jpg</path>
	<source>
		<database>Unknown</database>
	</source>
	<size>
		<width>1280</width>
		<height>720</height>
		<depth>3</depth>
	</size>
	<segmented>0</segmented>
	<object>
		<name>blue box</name>
		<pose>Unspecified</pose>
		<truncated>0</truncated>
		<difficult>0</difficult>
		<bndbox>
			<xmin>105</xmin>
			<ymin>64</ymin>
			<xmax>371</xmax>
			<ymax>304</ymax>
		</bndbox>
	</object>
	<object>
		<name>blue box</name>
		<pose>Unspecified</pose>
		<truncated>0</truncated>
		<difficult>0</difficult>
		<bndbox>
			<xmin>94</xmin>
			<ymin>403</ymin>
			<xmax>365</xmax>
			<ymax>624</ymax>
		</bndbox>
	</object>
</annotation>
