<annotation>
	<folder>learning_box</folder>
	<filename>image_1734592412.jpg</filename>
	<path>/home/rokey/주행3/src/learning_box/image_1734592412.jpg</path>
	<source>
		<database>Unknown</database>
	</source>
	<size>
		<width>1280</width>
		<height>720</height>
		<depth>3</depth>
	</size>
	<segmented>0</segmented>
	<object>
		<name>blue box</name>
		<pose>Unspecified</pose>
		<truncated>0</truncated>
		<difficult>0</difficult>
		<bndbox>
			<xmin>61</xmin>
			<ymin>60</ymin>
			<xmax>337</xmax>
			<ymax>306</ymax>
		</bndbox>
	</object>
	<object>
		<name>blue box</name>
		<pose>Unspecified</pose>
		<truncated>0</truncated>
		<difficult>0</difficult>
		<bndbox>
			<xmin>54</xmin>
			<ymin>415</ymin>
			<xmax>328</xmax>
			<ymax>638</ymax>
		</bndbox>
	</object>
	<object>
		<name>red box</name>
		<pose>Unspecified</pose>
		<truncated>0</truncated>
		<difficult>0</difficult>
		<bndbox>
			<xmin>803</xmin>
			<ymin>407</ymin>
			<xmax>1047</xmax>
			<ymax>638</ymax>
		</bndbox>
	</object>
</annotation>
