<annotation>
	<folder>learning_box</folder>
	<filename>image_1734592348.jpg</filename>
	<path>/home/rokey/주행3/src/learning_box/image_1734592348.jpg</path>
	<source>
		<database>Unknown</database>
	</source>
	<size>
		<width>1280</width>
		<height>720</height>
		<depth>3</depth>
	</size>
	<segmented>0</segmented>
	<object>
		<name>red box</name>
		<pose>Unspecified</pose>
		<truncated>0</truncated>
		<difficult>0</difficult>
		<bndbox>
			<xmin>105</xmin>
			<ymin>48</ymin>
			<xmax>370</xmax>
			<ymax>297</ymax>
		</bndbox>
	</object>
	<object>
		<name>red box</name>
		<pose>Unspecified</pose>
		<truncated>0</truncated>
		<difficult>0</difficult>
		<bndbox>
			<xmin>95</xmin>
			<ymin>429</ymin>
			<xmax>369</xmax>
			<ymax>654</ymax>
		</bndbox>
	</object>
	<object>
		<name>blue box</name>
		<pose>Unspecified</pose>
		<truncated>0</truncated>
		<difficult>0</difficult>
		<bndbox>
			<xmin>825</xmin>
			<ymin>438</ymin>
			<xmax>1062</xmax>
			<ymax>662</ymax>
		</bndbox>
	</object>
</annotation>
