<annotation>
	<folder>learning_box</folder>
	<filename>image_1734592417.jpg</filename>
	<path>/home/rokey/주행3/src/learning_box/image_1734592417.jpg</path>
	<source>
		<database>Unknown</database>
	</source>
	<size>
		<width>1280</width>
		<height>720</height>
		<depth>3</depth>
	</size>
	<segmented>0</segmented>
	<object>
		<name>blue box</name>
		<pose>Unspecified</pose>
		<truncated>0</truncated>
		<difficult>0</difficult>
		<bndbox>
			<xmin>840</xmin>
			<ymin>433</ymin>
			<xmax>1071</xmax>
			<ymax>660</ymax>
		</bndbox>
	</object>
	<object>
		<name>blue box</name>
		<pose>Unspecified</pose>
		<truncated>0</truncated>
		<difficult>0</difficult>
		<bndbox>
			<xmin>56</xmin>
			<ymin>58</ymin>
			<xmax>330</xmax>
			<ymax>298</ymax>
		</bndbox>
	</object>
	<object>
		<name>red box</name>
		<pose>Unspecified</pose>
		<truncated>0</truncated>
		<difficult>0</difficult>
		<bndbox>
			<xmin>801</xmin>
			<ymin>14</ymin>
			<xmax>1038</xmax>
			<ymax>273</ymax>
		</bndbox>
	</object>
</annotation>
