<annotation>
	<folder>learning_box</folder>
	<filename>image_1734592389.jpg</filename>
	<path>/home/rokey/주행3/src/learning_box/image_1734592389.jpg</path>
	<source>
		<database>Unknown</database>
	</source>
	<size>
		<width>1280</width>
		<height>720</height>
		<depth>3</depth>
	</size>
	<segmented>0</segmented>
	<object>
		<name>red box</name>
		<pose>Unspecified</pose>
		<truncated>0</truncated>
		<difficult>0</difficult>
		<bndbox>
			<xmin>807</xmin>
			<ymin>53</ymin>
			<xmax>1040</xmax>
			<ymax>301</ymax>
		</bndbox>
	</object>
	<object>
		<name>blue box</name>
		<pose>Unspecified</pose>
		<truncated>0</truncated>
		<difficult>0</difficult>
		<bndbox>
			<xmin>36</xmin>
			<ymin>365</ymin>
			<xmax>361</xmax>
			<ymax>633</ymax>
		</bndbox>
	</object>
</annotation>
