<annotation>
	<folder>learning_box</folder>
	<filename>image_1734592281.jpg</filename>
	<path>/home/rokey/주행3/src/learning_box/image_1734592281.jpg</path>
	<source>
		<database>Unknown</database>
	</source>
	<size>
		<width>1280</width>
		<height>720</height>
		<depth>3</depth>
	</size>
	<segmented>0</segmented>
	<object>
		<name>blue box</name>
		<pose>Unspecified</pose>
		<truncated>0</truncated>
		<difficult>0</difficult>
		<bndbox>
			<xmin>859</xmin>
			<ymin>15</ymin>
			<xmax>1092</xmax>
			<ymax>253</ymax>
		</bndbox>
	</object>
	<object>
		<name>blue box</name>
		<pose>Unspecified</pose>
		<truncated>0</truncated>
		<difficult>0</difficult>
		<bndbox>
			<xmin>139</xmin>
			<ymin>400</ymin>
			<xmax>400</xmax>
			<ymax>619</ymax>
		</bndbox>
	</object>
</annotation>
