<annotation>
	<folder>learning_box</folder>
	<filename>image_1734592318.jpg</filename>
	<path>/home/rokey/주행3/src/learning_box/image_1734592318.jpg</path>
	<source>
		<database>Unknown</database>
	</source>
	<size>
		<width>1280</width>
		<height>720</height>
		<depth>3</depth>
	</size>
	<segmented>0</segmented>
	<object>
		<name>red box</name>
		<pose>Unspecified</pose>
		<truncated>0</truncated>
		<difficult>0</difficult>
		<bndbox>
			<xmin>115</xmin>
			<ymin>50</ymin>
			<xmax>381</xmax>
			<ymax>297</ymax>
		</bndbox>
	</object>
</annotation>
