<annotation>
	<folder>learning_box</folder>
	<filename>image_1734592356.jpg</filename>
	<path>/home/rokey/주행3/src/learning_box/image_1734592356.jpg</path>
	<source>
		<database>Unknown</database>
	</source>
	<size>
		<width>1280</width>
		<height>720</height>
		<depth>3</depth>
	</size>
	<segmented>0</segmented>
	<object>
		<name>red box</name>
		<pose>Unspecified</pose>
		<truncated>0</truncated>
		<difficult>0</difficult>
		<bndbox>
			<xmin>816</xmin>
			<ymin>419</ymin>
			<xmax>1069</xmax>
			<ymax>640</ymax>
		</bndbox>
	</object>
	<object>
		<name>red box</name>
		<pose>Unspecified</pose>
		<truncated>0</truncated>
		<difficult>0</difficult>
		<bndbox>
			<xmin>94</xmin>
			<ymin>423</ymin>
			<xmax>363</xmax>
			<ymax>650</ymax>
		</bndbox>
	</object>
	<object>
		<name>blue box</name>
		<pose>Unspecified</pose>
		<truncated>0</truncated>
		<difficult>0</difficult>
		<bndbox>
			<xmin>827</xmin>
			<ymin>31</ymin>
			<xmax>1074</xmax>
			<ymax>290</ymax>
		</bndbox>
	</object>
</annotation>
