<annotation>
	<folder>learning_box</folder>
	<filename>image_1734592450.jpg</filename>
	<path>/home/rokey/주행3/src/learning_box/image_1734592450.jpg</path>
	<source>
		<database>Unknown</database>
	</source>
	<size>
		<width>1280</width>
		<height>720</height>
		<depth>3</depth>
	</size>
	<segmented>0</segmented>
	<object>
		<name>red box</name>
		<pose>Unspecified</pose>
		<truncated>0</truncated>
		<difficult>0</difficult>
		<bndbox>
			<xmin>95</xmin>
			<ymin>35</ymin>
			<xmax>368</xmax>
			<ymax>279</ymax>
		</bndbox>
	</object>
	<object>
		<name>red box</name>
		<pose>Unspecified</pose>
		<truncated>0</truncated>
		<difficult>0</difficult>
		<bndbox>
			<xmin>82</xmin>
			<ymin>444</ymin>
			<xmax>366</xmax>
			<ymax>672</ymax>
		</bndbox>
	</object>
	<object>
		<name>blue box</name>
		<pose>Unspecified</pose>
		<truncated>0</truncated>
		<difficult>0</difficult>
		<bndbox>
			<xmin>823</xmin>
			<ymin>54</ymin>
			<xmax>1060</xmax>
			<ymax>303</ymax>
		</bndbox>
	</object>
	<object>
		<name>blue box</name>
		<pose>Unspecified</pose>
		<truncated>0</truncated>
		<difficult>0</difficult>
		<bndbox>
			<xmin>819</xmin>
			<ymin>440</ymin>
			<xmax>1060</xmax>
			<ymax>668</ymax>
		</bndbox>
	</object>
</annotation>
