<annotation>
	<folder>learning_box</folder>
	<filename>image_1734592353.jpg</filename>
	<path>/home/rokey/주행3/src/learning_box/image_1734592353.jpg</path>
	<source>
		<database>Unknown</database>
	</source>
	<size>
		<width>1280</width>
		<height>720</height>
		<depth>3</depth>
	</size>
	<segmented>0</segmented>
	<object>
		<name>blue box</name>
		<pose>Unspecified</pose>
		<truncated>0</truncated>
		<difficult>0</difficult>
		<bndbox>
			<xmin>829</xmin>
			<ymin>29</ymin>
			<xmax>1077</xmax>
			<ymax>287</ymax>
		</bndbox>
	</object>
	<object>
		<name>red box</name>
		<pose>Unspecified</pose>
		<truncated>0</truncated>
		<difficult>0</difficult>
		<bndbox>
			<xmin>106</xmin>
			<ymin>48</ymin>
			<xmax>370</xmax>
			<ymax>283</ymax>
		</bndbox>
	</object>
	<object>
		<name>red box</name>
		<pose>Unspecified</pose>
		<truncated>0</truncated>
		<difficult>0</difficult>
		<bndbox>
			<xmin>97</xmin>
			<ymin>432</ymin>
			<xmax>361</xmax>
			<ymax>648</ymax>
		</bndbox>
	</object>
</annotation>
