<annotation>
	<folder>learning_box</folder>
	<filename>image_1734592373.jpg</filename>
	<path>/home/rokey/주행3/src/learning_box/image_1734592373.jpg</path>
	<source>
		<database>Unknown</database>
	</source>
	<size>
		<width>1280</width>
		<height>720</height>
		<depth>3</depth>
	</size>
	<segmented>0</segmented>
	<object>
		<name>blue box</name>
		<pose>Unspecified</pose>
		<truncated>0</truncated>
		<difficult>0</difficult>
		<bndbox>
			<xmin>55</xmin>
			<ymin>400</ymin>
			<xmax>335</xmax>
			<ymax>629</ymax>
		</bndbox>
	</object>
	<object>
		<name>red box</name>
		<pose>Unspecified</pose>
		<truncated>0</truncated>
		<difficult>0</difficult>
		<bndbox>
			<xmin>837</xmin>
			<ymin>48</ymin>
			<xmax>1081</xmax>
			<ymax>289</ymax>
		</bndbox>
	</object>
	<object>
		<name>red box</name>
		<pose>Unspecified</pose>
		<truncated>0</truncated>
		<difficult>0</difficult>
		<bndbox>
			<xmin>120</xmin>
			<ymin>31</ymin>
			<xmax>390</xmax>
			<ymax>296</ymax>
		</bndbox>
	</object>
</annotation>
