<annotation>
	<folder>learning_box</folder>
	<filename>image_1734592278.jpg</filename>
	<path>/home/rokey/주행3/src/learning_box/image_1734592278.jpg</path>
	<source>
		<database>Unknown</database>
	</source>
	<size>
		<width>1280</width>
		<height>720</height>
		<depth>3</depth>
	</size>
	<segmented>0</segmented>
	<object>
		<name>blue box</name>
		<pose>Unspecified</pose>
		<truncated>0</truncated>
		<difficult>0</difficult>
		<bndbox>
			<xmin>140</xmin>
			<ymin>400</ymin>
			<xmax>402</xmax>
			<ymax>619</ymax>
		</bndbox>
	</object>
	<object>
		<name>blue box</name>
		<pose>Unspecified</pose>
		<truncated>0</truncated>
		<difficult>0</difficult>
		<bndbox>
			<xmin>868</xmin>
			<ymin>395</ymin>
			<xmax>1111</xmax>
			<ymax>611</ymax>
		</bndbox>
	</object>
</annotation>
