<annotation>
	<folder>learning_box</folder>
	<filename>image_1734592342.jpg</filename>
	<path>/home/rokey/주행3/src/learning_box/image_1734592342.jpg</path>
	<source>
		<database>Unknown</database>
	</source>
	<size>
		<width>1280</width>
		<height>720</height>
		<depth>3</depth>
	</size>
	<segmented>0</segmented>
	<object>
		<name>red box</name>
		<pose>Unspecified</pose>
		<truncated>0</truncated>
		<difficult>0</difficult>
		<bndbox>
			<xmin>102</xmin>
			<ymin>46</ymin>
			<xmax>369</xmax>
			<ymax>293</ymax>
		</bndbox>
	</object>
	<object>
		<name>red box</name>
		<pose>Unspecified</pose>
		<truncated>0</truncated>
		<difficult>0</difficult>
		<bndbox>
			<xmin>95</xmin>
			<ymin>428</ymin>
			<xmax>367</xmax>
			<ymax>655</ymax>
		</bndbox>
	</object>
</annotation>
