<annotation>
	<folder>learning_box</folder>
	<filename>image_1734592409.jpg</filename>
	<path>/home/rokey/주행3/src/learning_box/image_1734592409.jpg</path>
	<source>
		<database>Unknown</database>
	</source>
	<size>
		<width>1280</width>
		<height>720</height>
		<depth>3</depth>
	</size>
	<segmented>0</segmented>
	<object>
		<name>red box</name>
		<pose>Unspecified</pose>
		<truncated>0</truncated>
		<difficult>0</difficult>
		<bndbox>
			<xmin>810</xmin>
			<ymin>400</ymin>
			<xmax>1053</xmax>
			<ymax>640</ymax>
		</bndbox>
	</object>
	<object>
		<name>blue box</name>
		<pose>Unspecified</pose>
		<truncated>0</truncated>
		<difficult>0</difficult>
		<bndbox>
			<xmin>797</xmin>
			<ymin>24</ymin>
			<xmax>1028</xmax>
			<ymax>281</ymax>
		</bndbox>
	</object>
	<object>
		<name>blue box</name>
		<pose>Unspecified</pose>
		<truncated>0</truncated>
		<difficult>0</difficult>
		<bndbox>
			<xmin>55</xmin>
			<ymin>414</ymin>
			<xmax>335</xmax>
			<ymax>636</ymax>
		</bndbox>
	</object>
</annotation>
