<annotation>
	<folder>learning_box</folder>
	<filename>image_1734592263.jpg</filename>
	<path>/home/rokey/주행3/src/learning_box/image_1734592263.jpg</path>
	<source>
		<database>Unknown</database>
	</source>
	<size>
		<width>1280</width>
		<height>720</height>
		<depth>3</depth>
	</size>
	<segmented>0</segmented>
	<object>
		<name>blue box</name>
		<pose>Unspecified</pose>
		<truncated>0</truncated>
		<difficult>0</difficult>
		<bndbox>
			<xmin>848</xmin>
			<ymin>394</ymin>
			<xmax>1094</xmax>
			<ymax>608</ymax>
		</bndbox>
	</object>
</annotation>
