<annotation>
	<folder>learning_box</folder>
	<filename>image_1734592381.jpg</filename>
	<path>/home/rokey/주행3/src/learning_box/image_1734592381.jpg</path>
	<source>
		<database>Unknown</database>
	</source>
	<size>
		<width>1280</width>
		<height>720</height>
		<depth>3</depth>
	</size>
	<segmented>0</segmented>
	<object>
		<name>red box</name>
		<pose>Unspecified</pose>
		<truncated>0</truncated>
		<difficult>0</difficult>
		<bndbox>
			<xmin>836</xmin>
			<ymin>53</ymin>
			<xmax>1074</xmax>
			<ymax>297</ymax>
		</bndbox>
	</object>
	<object>
		<name>red box</name>
		<pose>Unspecified</pose>
		<truncated>0</truncated>
		<difficult>0</difficult>
		<bndbox>
			<xmin>815</xmin>
			<ymin>441</ymin>
			<xmax>1047</xmax>
			<ymax>675</ymax>
		</bndbox>
	</object>
	<object>
		<name>blue box</name>
		<pose>Unspecified</pose>
		<truncated>0</truncated>
		<difficult>0</difficult>
		<bndbox>
			<xmin>38</xmin>
			<ymin>369</ymin>
			<xmax>352</xmax>
			<ymax>633</ymax>
		</bndbox>
	</object>
</annotation>
