<annotation>
	<folder>learning_box</folder>
	<filename>image_1734592458.jpg</filename>
	<path>/home/rokey/주행3/src/learning_box/image_1734592458.jpg</path>
	<source>
		<database>Unknown</database>
	</source>
	<size>
		<width>1280</width>
		<height>720</height>
		<depth>3</depth>
	</size>
	<segmented>0</segmented>
	<object>
		<name>blue box</name>
		<pose>Unspecified</pose>
		<truncated>0</truncated>
		<difficult>0</difficult>
		<bndbox>
			<xmin>79</xmin>
			<ymin>54</ymin>
			<xmax>359</xmax>
			<ymax>314</ymax>
		</bndbox>
	</object>
	<object>
		<name>blue box</name>
		<pose>Unspecified</pose>
		<truncated>0</truncated>
		<difficult>0</difficult>
		<bndbox>
			<xmin>51</xmin>
			<ymin>396</ymin>
			<xmax>346</xmax>
			<ymax>631</ymax>
		</bndbox>
	</object>
	<object>
		<name>red box</name>
		<pose>Unspecified</pose>
		<truncated>0</truncated>
		<difficult>0</difficult>
		<bndbox>
			<xmin>812</xmin>
			<ymin>18</ymin>
			<xmax>1040</xmax>
			<ymax>271</ymax>
		</bndbox>
	</object>
	<object>
		<name>red box</name>
		<pose>Unspecified</pose>
		<truncated>0</truncated>
		<difficult>0</difficult>
		<bndbox>
			<xmin>796</xmin>
			<ymin>439</ymin>
			<xmax>1042</xmax>
			<ymax>664</ymax>
		</bndbox>
	</object>
</annotation>
