<annotation>
	<folder>learning_box</folder>
	<filename>image_1734592284.jpg</filename>
	<path>/home/rokey/주행3/src/learning_box/image_1734592284.jpg</path>
	<source>
		<database>Unknown</database>
	</source>
	<size>
		<width>1280</width>
		<height>720</height>
		<depth>3</depth>
	</size>
	<segmented>0</segmented>
	<object>
		<name>blue box</name>
		<pose>Unspecified</pose>
		<truncated>0</truncated>
		<difficult>0</difficult>
		<bndbox>
			<xmin>141</xmin>
			<ymin>30</ymin>
			<xmax>399</xmax>
			<ymax>271</ymax>
		</bndbox>
	</object>
	<object>
		<name>blue box</name>
		<pose>Unspecified</pose>
		<truncated>0</truncated>
		<difficult>0</difficult>
		<bndbox>
			<xmin>856</xmin>
			<ymin>17</ymin>
			<xmax>1095</xmax>
			<ymax>257</ymax>
		</bndbox>
	</object>
</annotation>
