<annotation>
	<folder>learning_box</folder>
	<filename>image_1734592387.jpg</filename>
	<path>/home/rokey/주행3/src/learning_box/image_1734592387.jpg</path>
	<source>
		<database>Unknown</database>
	</source>
	<size>
		<width>1280</width>
		<height>720</height>
		<depth>3</depth>
	</size>
	<segmented>0</segmented>
	<object>
		<name>blue box</name>
		<pose>Unspecified</pose>
		<truncated>0</truncated>
		<difficult>0</difficult>
		<bndbox>
			<xmin>38</xmin>
			<ymin>367</ymin>
			<xmax>355</xmax>
			<ymax>636</ymax>
		</bndbox>
	</object>
	<object>
		<name>red box</name>
		<pose>Unspecified</pose>
		<truncated>0</truncated>
		<difficult>0</difficult>
		<bndbox>
			<xmin>811</xmin>
			<ymin>443</ymin>
			<xmax>1050</xmax>
			<ymax>670</ymax>
		</bndbox>
	</object>
</annotation>
