<annotation>
	<folder>learning_box</folder>
	<filename>image_1734592359.jpg</filename>
	<path>/home/rokey/주행3/src/learning_box/image_1734592359.jpg</path>
	<source>
		<database>Unknown</database>
	</source>
	<size>
		<width>1280</width>
		<height>720</height>
		<depth>3</depth>
	</size>
	<segmented>0</segmented>
	<object>
		<name>blue box</name>
		<pose>Unspecified</pose>
		<truncated>0</truncated>
		<difficult>0</difficult>
		<bndbox>
			<xmin>103</xmin>
			<ymin>52</ymin>
			<xmax>370</xmax>
			<ymax>292</ymax>
		</bndbox>
	</object>
	<object>
		<name>red box</name>
		<pose>Unspecified</pose>
		<truncated>0</truncated>
		<difficult>0</difficult>
		<bndbox>
			<xmin>90</xmin>
			<ymin>427</ymin>
			<xmax>365</xmax>
			<ymax>651</ymax>
		</bndbox>
	</object>
	<object>
		<name>red box</name>
		<pose>Unspecified</pose>
		<truncated>0</truncated>
		<difficult>0</difficult>
		<bndbox>
			<xmin>819</xmin>
			<ymin>415</ymin>
			<xmax>1059</xmax>
			<ymax>634</ymax>
		</bndbox>
	</object>
</annotation>
