<annotation>
	<folder>learning_box</folder>
	<filename>image_1734592414.jpg</filename>
	<path>/home/rokey/주행3/src/learning_box/image_1734592414.jpg</path>
	<source>
		<database>Unknown</database>
	</source>
	<size>
		<width>1280</width>
		<height>720</height>
		<depth>3</depth>
	</size>
	<segmented>0</segmented>
	<object>
		<name>red box</name>
		<pose>Unspecified</pose>
		<truncated>0</truncated>
		<difficult>0</difficult>
		<bndbox>
			<xmin>794</xmin>
			<ymin>12</ymin>
			<xmax>1040</xmax>
			<ymax>272</ymax>
		</bndbox>
	</object>
	<object>
		<name>blue box</name>
		<pose>Unspecified</pose>
		<truncated>0</truncated>
		<difficult>0</difficult>
		<bndbox>
			<xmin>59</xmin>
			<ymin>59</ymin>
			<xmax>331</xmax>
			<ymax>304</ymax>
		</bndbox>
	</object>
	<object>
		<name>blue box</name>
		<pose>Unspecified</pose>
		<truncated>0</truncated>
		<difficult>0</difficult>
		<bndbox>
			<xmin>56</xmin>
			<ymin>417</ymin>
			<xmax>325</xmax>
			<ymax>631</ymax>
		</bndbox>
	</object>
</annotation>
